Bedrijfsnaam,Beoordeling,Reviews,Telefoon,Email,Website,Socials,Adres
Seme BouwBedrijf,5,1,+31624345809,-,-,-,"Limmerick 20, 1046 BH Amsterdam, Nederland"
Ferka bouw,4.7,38,+31648904833,info@ferkabouw.nl,Link (http://www.ferkabouw.nl/),-,"Willy la Croixstraat 49, 1069 PB Amsterdam, Nederland"
Best of,4.2,10,+31686173201,info@bestofstucadoor.nl,Link (https://www.bestofstucadoor.nl/),-,"Jan Zwanenburghof 21/1, 1063 JL Amsterdam, Nederland"
Anex Stucadoors Latexspuiters,5,3,+31610329922,apurvsharma@google.com,Link (https://sites.google.com/view/anex-stucadoors-latexspuiters/homepage?authuser=0),-,"Ward Bingleystraat 55, 1065 TK Amsterdam, Nederland"
MCT Stucadoors en Afbouwbedrijf,3,1,+31641115060,-,-,-,"Burgemeester Rendorpstraat 45/1, 1064 EN Amsterdam, Nederland"
FATIH stucadoor,-,-,+31638311076,info@fatihstucadoor.nl,Link (https://fatihstucadoor.nl/contact),FB (https://facebook.com/facebook),"Bernard Loderstraat 159, 1063 PG Amsterdam, Nederland"
Stukadoorsbedrijf SR,5,3,+31684235009,-,-,-,"J.M. Den Uylstraat 9, 1067 VZ Amsterdam, Nederland"
Azor,5,2,+31620105470,info@azorbv.nl,Link (http://www.azorbv.nl/),-,"Diderotstraat 31, 1064 XH Amsterdam, Nederland"
iner,5,20,+31628904522,inerstucadoorsbedrijf@gmail.com,Link (http://www.inerstucadoors.nl/),FB (https://www.facebook.com/inerstucadoors.nl),"Vrijburg 75, 1068 PP Amsterdam, Nederland"
Deniz Stukadoor,5,12,+31687712423,info@deniz-stukadoor.nl,Link (https://www.deniz-stukadoor.nl/),-,"Antoon Keldermansstraat 20, 1067 BD Amsterdam, Nederland"
Bastro stukadoor en schilderbedrijf,5,17,+31204118512,info@bastro.nl,Link (http://www.bastro.nl/),-,"Portsmuiden 36, 1046 AJ Amsterdam, Nederland"
Yigit Stukadoorsbedrijf,5,20,+31658827000,-,Link (https://www.yigitstukadoorsbedrijf.nl/),-,"Osdorper Ban 793, 1069 GA Amsterdam, Nederland"
020 Stukadoor,5,6,+31648427359,info@020-stukadoor.nl,Link (https://www.020-stukadoor.nl/),-,"Poortland 140, 1046 BD Amsterdam, Nederland"
Starman,5,112,-,info@starmanstukadoor.nl,Link (https://www.stukadoorstarman.nl/),-,"Nicolaas Ruychaverstraat 168, 1067 NH Amsterdam, Nederland"
jonasbouw stukadoorsbedrijf,4.9,72,+31618425491,-,Link (http://www.jonasbouw.nl/),-,"Slotermeerlaan 152, 1063 JW Amsterdam, Nederland"
Stuccers,5,1,+31685104386,info@stuccers.nl,Link (https://stuccers.nl/),-,"Johan Huizingalaan, 1065 JG Amsterdam, Nederland"
Dennis KOBE Stukadoor bedrijf,4.9,107,+31631313196,info@schildersbedrijfkobe.nl,Link (https://www.denniskobe.nl/),-,"Limmerick 80, 1046 BH Amsterdam, Nederland"
Sijne-Zn B.V.,3.4,30,+31203457712,info@sijne.nl,Link (http://www.sijne.nl/),-,"Dukdalfweg 14, 1041 BD Amsterdam, Nederland"
Butun.nl - Professionele Stukadoors Bv,4.9,298,+31687879617,info@butun.nl,Link (http://butun.nl/),IG (https://www.instagram.com/butunstucadoors.nl) FB (https://www.facebook.com/Www.butun.nl.Stucadoors),"Nieuw-Zeelandweg 5, B 7, 1045 AL Amsterdam, Nederland"
De Stuc-Specialist,5,1,+31618095014,info@stuc-specialist.nl,Link (http://www.stuc-specialist.nl/),IG (https://www.instagram.com/luxurystucart),"Schaarsbergenstraat 118, 1107 JX Amsterdam, Nederland"
Deni Stukadoor,5,24,+31207825000,info@denistukadoor.nl,Link (https://www.denistukadoor.nl/),IG (https://www.instagram.com/deni.stukadoor) FB (https://www.facebook.com/profile.php?id=100081629031709),"Nieuw-Zeelandweg 5B17, 1045 AL Amsterdam, Nederland"
Stukadoorsclub,4.9,359,+31850271615,info@stukadoorsclub.nl,Link (https://stukadoorsclub.nl/),IG (https://www.instagram.com/stukadoorsclub),"Ruysdaelkade 223, 1072 AW Amsterdam, Nederland"
MB Stukadoorsbedrijf,5,45,+31636481480,info@mbstukadoors.nl,Link (https://mbstukadoors.nl/),IG (https://www.instagram.com/mbstukadoorsbedrijf) FB (https://www.facebook.com/Mbstucadoorsbedrijf-102961964661719),"Schopenhauerhof 26, 1064 VZ Amsterdam, Nederland"
A’dams stukadoors,5,3,+31634270153,info@adamsstukadoors.nl,Link (https://www.adamsstukadoors.nl/),IG (https://instagram.com/adams.stukadoors) FB (https://www.facebook.com/adamsstukadoors),"Hendrik Hosstraat, 1106 ZN Amsterdam, Nederland"
Stucadoor Amsterdam,-,-,+31621168248,info@stucadoorsamsterdam.nl,Link (https://stucadoorsamsterdam.nl/),IG (https://www.instagram.com/magichandsafbouwbedrijf),"Bolstoen 13M, 1046 AS Amsterdam, Nederland"
witte hand stukadoors,5,1,+31643582161,wittehandstucadors@gmail.com,Link (http://www.wittehandstukadoors.nl/contact/),-,"Kantershof 522, 1104 HC Amsterdam, Nederland"
Gieling Stucadoors,1,1,-,info@gielingstucadoors.nl,-,-,"1059 AM Amsterdam, Nederland"
Jo Stuc,-,-,-,-,-,-,"Linnaeusstraat 35 F, 1093 EE Amsterdam, Nederland"
Noor Bouw,-,-,+31686341959,contact@calypsofunding.com,Link (http://noorbouw.nl/),FB (https://facebook.com/noorbouw),"Hoogoorddreef 141, 1101 BB Amsterdam, Nederland"
flevo onderhoudsbedrijf,5,8,+31681955631,info@flevoonderhoudsbedrijf.nl,Link (https://www.flevoonderhoudsbedrijf.nl/),IG (https://www.instagram.com/flevostucadoors) FB (https://www.facebook.com/profile.php?id=100071384361698),"Semarangstraat 35H, 1095 GB Amsterdam, Nederland"
Stukadoorsclub,4.9,359,+31 85 027 1615,info@stukadoorsclub.nl,-,-,"Ruysdaelkade 223, 1072 AW Amsterdam"
Stukadoorsplein V.O.F.,Uw Partner Voor Afwerking,,4.4,29,+31618994198,info@stukadoors-plein.nl,Link (https://www.stukadoors-plein.nl/?utm_source=gmb&utm_medium=gmb),-,"Akerdijk 37, 1175 LG Lijnden, Nederland"
De Wit,5,25,+31630309968,info@dewitstukadoors.nl,Link (http://www.dewitstukadoors.nl/),IG (https://www.instagram.com/dewitstukadoors) FB (https://www.facebook.com/DeWitStukadoors),"Balboastraat 25-1, 1057 VT Amsterdam, Nederland"
Yunis Stucadoors- en Onderhoudsbedrijf,-,-,+31642088469,-,-,-,"Hudsonstraat 66, 1057 SN Amsterdam, Nederland"
Gladstuc.nl,5,80,+31647805858,info@gladstuc.nl,Link (http://www.gladstuc.nl/),-,"Overschiestraat 128, 1062 XJ Amsterdam, Nederland"
Stubowa B.V.,4,6,+31204083308,info@schalkwijktegelwerken.nl,Link (https://www.stubowa.nl/),FB (https://www.facebook.com/kameriktegels),"Ottho Heldringstraat 31-N, 1066 XT Amsterdam, Nederland"
Interflex stuc,4.7,22,+31685263855,info@interflexstuc.nl,Link (http://www.interflexstuc.nl/),IG (https://www.instagram.com/interflexstuc) FB (https://www.facebook.com/Interflex-Stuc-Stukadoorsbedrijf-108881471843052),"Overschiestraat 86, 1062 XJ Amsterdam, Nederland"
A tot Z Decoraties,4,4,+31206185844,info@atotzstucadoors.nl,Link (http://atotzstucadoors.nl/),-,"Admiraal de Ruijterweg 161, 1056 GB Amsterdam, Nederland"
Hates Bouwbedrijf,4.8,41,+31621141806,info@hatesbouwbedrijf.nl,Link (https://www.hatesbouwbedrijf.nl/),IG (https://www.instagram.com/hatesbouwbedrijf) FB (https://www.facebook.com/www.hatesbouwbedrijf.nl),"Tweede Kostverlorenkade 43D, 1053 TP Amsterdam, Nederland"
Regenboog Klussenbedrijf,4.7,42,+31614692291,info@regenboogklussenbedrijf.nl,Link (https://regenboogklussenbedrijf.nl/),IG (https://www.instagram.com/de_regenboog_klussenbedrijf) FB (https://www.facebook.com/RegenboogKlussenbedrijf),"Orteliusstraat, 1057 BJ Amsterdam, Nederland"
ABT Aannemersbedrijf v.o.f,4.7,12,+31651935878,info@abtaannemersbedrijf.nl,Link (https://abtaannemersbedrijf.nl/),-,"Poortland 32, 1046 BD Amsterdam, Nederland"
Van Ibra Stukadoors en Schilders B.V.,4.9,562,+31687225391,info@vanibra.nl,Link (http://vanibra.nl/),IG (https://instagram.com/vanibra_stukadoorsschildersbv) FB (facebook.com/profile.php?id=100066809770239),"Osdorpplein 590, 1068 TB Amsterdam, Nederland"
Saes Stucadoors,-,-,+31638092781,-,-,-,-
André Bouwservice,1,1,+31654912841,-,-,-,"Schutterweg 99, 1033 XW Amsterdam, Nederland"
Klussenbedrijf Gokce,5,28,+31685057922,yadigar58000@hotmail.com,Link (https://klussenbedrijfgokce.nl/),-,"Theodorus Dobbestraat, 1063 BX Amsterdam, Nederland"
Keuken Montage - Flexibel Montage,4.7,34,+31648283148,info@flexibelmontage.nl,Link (http://www.flexibelmontage.nl/),IG (https://www.instagram.com/flexibelmontage) FB (https://www.facebook.com/flexibelmontagenl),"Reling 16, 1034 NA Amsterdam, Nederland"
HAK Bouwgroep,5,43,+31202393645,Info@hakbouw.nl,Link (https://hakbouw.nl/),-,"Kaasjeskruidstraat 13, 1032 LS Amsterdam, Nederland"
Van Soolingen Bouw,5,14,+31628528582,mats@vansoolingenbouw.nl,Link (http://www.vansoolingenbouw.nl/),IG (https://www.instagram.com/vansoolingenbouw),"Dwergvinvisstraat 27, 1035 HM Amsterdam, Nederland"
All in Bouw BV,-,-,+31617125892,-,-,-,"'s-Gravesandestraat 50, 1091 DE Amsterdam, Nederland"
Badkamer renovatie,Dakopbouw,Renovatie,Men Klusser,5,26,+31204637951,info@menklusser.nl,Link (https://menklusser.nl/?utm_source=gmb&utm_medium=gmb),IG (https://www.instagram.com/menklusser) FB (https://www.facebook.com/Menklusser),"Henrick de Keijserstraat 21, 1073 TG Amsterdam, Nederland"
StucDeal,5,214,+31640171939,info@stucdeal.nl,Link (https://www.stucdeal.nl/),IG (https://www.instagram.com/stucdeal) FB (https://www.facebook.com/StucDeal-105022754728050),"Borrendammehof 14, 1069 ZG Amsterdam, Nederland"
TONI Glasbewassing,4.4,14,+31638740122,-,-,-,-
Yaldiz klussenbedrijf,5,7,+31647203909,-,-,-,"Baden Powellweg 133, 1069 LD Amsterdam, Nederland"
Class,5,12,+31642208545,bob.davis@classltd.org,-,-,"Oeverpad 292, 1068 PJ Amsterdam, Nederland"
Lastdrager Klussenbedrijf,4.2,5,+31681934398,-,-,-,-
HBT,5,2,+31642015212,info@hbtstukadoors.nl,Link (https://www.hbtstukadoors.nl/),IG (https://www.instagram.com/hbtstukadoors),"Schopenhauerhof 26, 1064 VZ Amsterdam, Nederland"
De Prefabriek,4.9,366,+31203317470,info@deprefabriek.nl,Link (https://deprefabriek.nl/?utm_source=google&utm_medium=organic&utm_campaign=google_my_business),IG (https://www.instagram.com/deprefabriek) FB (https://www.facebook.com/deprefabriek),"Scharenburg 5, 1046 BA Amsterdam, Nederland"
Interieurafwerkingsbedrijf Kozan,4.9,67,+31850817570,info@kozan.nl,Link (http://www.kozan.nl/),IG (https://www.instagram.com/interieurafwerkingkozan) FB (https://www.facebook.com/Interieurafwerkingsbedr-Kozan-954228574788476),"Poortland 204, 1046 BD Amsterdam, Nederland"
Stukadoor-in-amsterdam.nl,-,-,+31850195957,-,Link (https://stukadoor-in-amsterdam.nl/),-,-
Qraft Stucadoors,5,1,+31683228017,-,Link (http://www.qraftstucadoors.nl/),IG (https://instagram.com/qraftstucadoors),"Bierens de Haanstraat 35, 1064 NC Amsterdam, Nederland"
Truysab,3.7,3,+31648386500,info@trulabs.com,-,-,-
Schilder Amsterdam,Stukadoor,Rembrandt onderhoud en schilders,4.6,11,+31640027720,-,Link (https://www.rembrandtschilderbedrijf.nl/),-,"Osdorper Ban 611, 1069 GA Amsterdam, Nederland"
Rcm bouw,4.9,97,-,info@rcmbouw.nl,Link (http://www.rcmbouw.nl/),IG (https://www.instagram.com/rcm_bouwbedrijf) FB (https://www.facebook.com/rens.mensink.39),"Palmstraat 78, 3, 1015 HT Amsterdam, Nederland"
De Heeren van Amsterdam,5,5,+31202232153,info@heerenvanamsterdam.nl,Link (http://www.heerenvanamsterdam.nl/),-,"Akerdijk 156, 1171 PW Badhoevedorp, Nederland"
Yakup stucadoors,-,-,+31614277294,info@yakupstucadoors.nl,Link (http://yakupstucadoors.nl/contact/),-,"Kerdijkhof 62, 1067 MN Amsterdam, Nederland"
Sefatas klussenbedrijf,5,12,+31207743785,info@sefatasklussenbedrijf.nl,Link (https://sefatasklussenbedrijf.nl/),IG (https://www.instagram.com/sefatas_klussenbedrijf) FB (https://www.facebook.com/profile.php?id=100068638440041),"Oeverpad, 1068 PH Amsterdam, Nederland"
BTB Bouwbedrijf,4.9,9,+31625381728,info@btbbouwbedrijf.nl,Link (https://www.btbbouwbedrijf.nl/),IG (https://www.instagram.com/btbbouwbedrijf),"Anton Waldorpstraat 49H, 1062 AV Amsterdam, Nederland"
stucensauzen,4.9,74,+31610839190,info@stucensauzen.nl,Link (http://www.stucensauzen.nl/),IG (https://www.instagram.com/stucensauzen.nl),"Borneostraat 110, 1094 CR Amsterdam, Nederland"
Klussenbedrijf Yigido Broertjes V.O.F.,5,32,+31638645032,info@kbyb.nl,Link (http://www.kbyb.nl/),IG (https://www.instagram.com/kbyb.nl) FB (https://www.facebook.com/kbyb.nl),"Bergmolen, 1035 BA Amsterdam, Nederland"
MC Aannemersbedrijf,5,21,+31203086704,info@mcaannemersbedrijf.nl,Link (https://www.mcaannemersbedrijf.nl/),-,"President Kennedylaan 783, 1079 MS Amsterdam, Nederland"
Kozan Klussenbedrijf,4.8,10,+31644673432,-,Link (https://kozanklussenbedrijf.nl/),-,"Boutenburg 119, 1068 ZB Amsterdam, Nederland"
GU Afbouw & Sanitair B.V.,5,8,-,-,Link (http://guafbouw.nl/),-,"Tweede Oosterparkstraat 111C, 1091 JA Amsterdam, Nederland"
Stuckadoorsbedrijf B.A.M.A.B,5,7,+31858000478,-,Link (https://bamab.nl/),-,-
